year,category,race,grade,surface,distance,filter,first_end,neff_ratio,second_end,winner_pop,second_pop,first_hit,second_hit,both_hit,odds_popularity_order
2026,G3芝1600-1800,京都金杯,G3,芝,1600,go,7,0.640219,9,4,5,true,true,true,2.4|7.5|7.8|7.8|11.3|11.6|15.7|25.0|25.7|38.9|42.0|48.7|55.9|77.4|79.6|111.3|113.9|137.7
2026,G3芝1600-1800,フェアリーS,G3,芝,1600,go,8,0.674611,8,5,10,true,false,false,3.0|4.2|5.7|11.0|11.0|14.2|17.4|21.4|30.3|30.8|36.0|38.3|58.5|76.5|146.6|157.7
2026,G3芝1600-1800,シンザン記念,G3,芝,1600,go,5,0.958678,12,9,4,false,true,false,4.7|5.0|5.8|7.2|8.3|13.0|13.6|15.7|19.5|20.0|24.1|53.3|67.6|98.5|106.0|193.8
2026,G3芝1600-1800,きさらぎ賞,G3,芝,1800,go,8,0.755361,8,1,2,true,true,true,3.5|3.7|4.2|7.0|9.0|10.9|16.9|19.5|59.5
2026,G3芝1600-1800,クイーンC,G3,芝,1600,go,7,0.606598,7,2,11,true,false,false,2.5|3.4|9.8|10.2|13.3|15.8|17.7|26.0|27.7|30.5|31.0|50.4|139.8|183.6|251.3|346.4
2026,G3芝1600-1800,共同通信杯,G3,芝,1800,go,6,0.832158,6,2,4,true,true,true,2.8|3.7|4.2|6.9|8.4|10.1|38.8|96.6|138.0
2026,G3芝1600-1800,フラワーC,G3,芝,1800,go,7,0.712372,8,6,9,true,false,false,2.7|3.9|6.3|7.5|10.1|12.8|19.0|32.6|55.4|67.6|83.8|99.4|101.8|134.1|136.8|402.8
2026,G3芝1600-1800,チャーチルダウンズC,G3,芝,1600,go,8,0.587623,8,5,14,true,false,false,2.8|2.8|6.9|9.9|13.8|18.1|19.8|20.8|69.5|70.7|75.7|75.7|94.5|243.9
2026,G3芝1600-1800,府中牝馬S,G3,芝,1800,go,6,0.82532,6,5,9,true,false,false,3.3|5.0|8.1|8.7|9.4|9.9|15.0|20.0|22.7|24.6|25.0|38.7|54.5|94.6|140.7|215.2
2026,G3芝1600-1800,新潟2歳S,G3,芝,1600,go,7,0.723379,7,1,2,true,true,true,2.8|4.0|4.3|5.0|8.2|19.8|40.3|110.6|113.4|185.0
2026,G3芝1600-1800,札幌2歳S,G3,芝,1800,go,5,0.360581,5,1,3,true,true,true,1.1|7.9|9.3|18.0|21.8|54.9|101.1|186.4|204.0
2026,G3ダート,ユニコーンS,G3,ダート,1900,go,5,0.698125,6,2,1,true,true,true,2.2|2.8|8.0|9.7|10.4|18.5|42.1|43.0|99.5|119.7|129.1|158.0
2026,G3ダート,東海S,G3,ダート,1400,go,7,0.532599,7,7,6,true,true,true,1.8|5.1|8.7|8.8|10.6|14.0|16.3|39.9|64.3|78.0|241.6|266.6|305.9|318.2
2026,G3ダート,エルムS,G3,ダート,1700,go,6,0.840817,8,3,4,true,true,true,3.0|4.3|5.0|6.5|9.4|10.5|19.5|21.7|47.8|55.0|249.2
2026,G3ダート,レパードS,G3,ダート,1800,go,8,0.638393,8,6,4,true,true,true,2.7|4.1|4.6|5.9|13.5|20.8|23.7|26.2|50.0|60.4|68.6|156.9
2026,G2芝1800,中山記念,G2,芝,1800,go,7,0.768252,7,3,4,true,true,true,3.4|3.6|4.2|7.6|7.7|14.7|21.8|49.0|58.8|72.2|106.0|152.6|194.4|303.5
2026,G2芝1800,ローズS,G2,芝,1800,go,5,0.644284,5,1,3,true,true,true,1.9|5.3|5.9|9.2|11.9|20.0|24.4|32.2|44.0|52.4|58.9|252.5
