classification,pattern_id,pattern,role,n,hit,rate_pct,stability,decision,note
正式候補,g2g3_first_5to8_neff_safe,G2/G3・1着レンジ5〜8・Neff 0.85〜0.95外,1着/単勝,298,275/298,92.3,2021-23 92.3% / 2024-25 92.2%,維持・正式候補,時系列でほぼ同率。v2.39では構造A/Bより先にこの条件ゲートを優先。
正式候補,g1_2000plus_first,G1・2000m以上・2歳除外・専用1着ルール,1着/単勝,66,63/66,95.5,2021-25 57/60=95.0%; 2026追加後63/66,維持・正式候補,STOP時1〜4人気フォールバック込み。構造A/A単独より専用条件を優先。
正式候補,g3_dirt_first_broad,G3ダート・G2/G3高信頼ゲート通過,1着/単勝,37+2026 4,2021-25 37/37; 2026 4/4,100.0,2021〜2025各年100%; 2026追加4/4,正式候補（適格N再タグ付け要）,広い母集団では無敗。歴史的3歳1600m以下等の現行除外を再タグ付けするとNは減るため候補扱い。
検証継続,g1_2000plus_quinella_buffer,G1・2000m以上・2着安全幅8/9/10,2着/馬連,66,2着62/66・同時59/66,89.4,2021-25 同時53/60=88.3%; 2026追加後59/66=89.4%,馬連は慎重・検証継続,2着単体93.9%だが1・2着同時は90%未満。単勝条件と分離。
検証継続,g3_turf1800_first,G3芝1800・高信頼ゲート通過,1着中心,2021-25 27,26/27,96.3,"2021 4/4, 2022 5/6, 2023 5/5, 2024 4/4, 2025 8/8",1着は有望・2着は継続検証,2026の非2歳4例は1着4/4だが2着2/4。馬連へは昇格させない。
検証継続,g2_turf1800_first,G2芝1800・高信頼ゲート通過,1着中心,2021-25 19,19/19,100.0,2021〜2025各年100%,N不足で継続検証,2歳戦混在を現行除外で再タグ付けするとNが減るため正式化は保留。
検証継続,opl_8_8_neff_lt82,OP/L・1着8/2着8・Neff<0.82,1着+2着,2022 N=10,10/10 both,100.0,単年のみ,前向きログ継続,2022では強いが他年度の同型行データが未保存。正式化禁止。
却下,structure_aa_alone,v2.39構造A/Aだけで買い候補,汎用買い判定,393中A/A該当77,G1 15/17; G2 14/16; G3 20/24; OP/L 18/20,,格ごとに83.3〜90.0%,単独買いシグナルとして却下,"86レース両側検証でもA/Aの同時捕捉はG1 5/7、G2 2/5、G3 3/5。条件ゲート必須。"
却下,g2g3_neff_85_95,G2/G3・1着5〜8・Neff 0.85〜0.95,1着/単勝,94,77/94,81.9,2021-23 78.8% / 2024-25 85.7%,赤ロック維持,安全帯298Rの92.3%と明確な差。
却下,g3_turf_le1400,G3芝1400m以下・高信頼ゲート相当,1着/単勝,34,27/34,79.4,"2021 70.0%, 2022 83.3%, 2023 87.5%, 2024 75.0%, 2025 83.3%",高信頼型として却下,年をまたいで90%に届かない。
却下,g3_turf_2000,G3芝2000m・高信頼ゲート相当,1着/単勝,36,32/36,88.9,"2021 5/5, 2022 8/9, 2023 9/9, 2024 6/7, 2025 4/6",正式候補から除外,全体90%未満かつ2025年4/6。構造が明確でも正式候補へ昇格させない。
却下,g2_turf_ge2200,G2芝2200m以上・高信頼ゲート相当,1着/単勝,49,43/49,87.8,"2021 83.3%, 2022 88.9%, 2023 88.9%, 2024 87.5%, 2025 90.9%",高信頼型として却下,安定はしているが狭く絞る正式基準には不足。
却下,opl_highconf_whole,OP/L旧高信頼条件を一括で買う,1着+2着/馬連,2021-24 N=166,1着147/166・2着148/166・同時132/166,79.5,"同時: 2022 84.1%, 2023 74.5%, 2024 78.3%; 2024 1着80.4%",一括買い型として却下,OP/Lは型別に分解して前向き検証のみ。
