year,race_id,distance,first_end,second_end,neff_ratio,first_pop,second_pop,first_hit,second_hit,both_hit
2021,202105020610,2100,8,8,0.741,5,3,true,true,true
2021,202109010511,2000,8,8,0.610,3,1,true,true,true
2022,202209020311,1400,5,10,0.839,4,16,true,false,false
2023,202302020311,1700,7,10,0.795,1,3,true,true,true
2023,202305040711,2100,8,10,0.763,2,1,true,true,true
2023,202306050410,1800,7,10,0.458,7,3,true,true,true
2023,202307011210,1200,8,8,0.757,1,6,true,true,true
2023,202308010811,1400,8,8,0.804,5,3,true,true,true
2023,202309030411,1800,8,8,0.553,1,3,true,true,true
2024,202405020410,2100,8,10,0.778,7,8,true,true,true
2024,202406010510,1200,8,8,0.763,4,1,true,true,true
2024,202408020410,1200,7,10,0.629,2,4,true,true,true
2024,202408060811,1900,8,8,0.538,4,6,true,true,true
2025,202504020807,1200,8,10,0.832,1,11,true,false,false
