year,race_id,surface,distance,first_end,second_end,neff_ratio,first_pop,second_pop,first_hit,second_hit,both_hit
2023,202302020311,dirt,1700,7,10,0.795,1,3,true,true,true
2023,202303010411,turf,2000,8,8,0.730,2,5,true,true,true
2023,202304010811,turf,1000,7,7,0.771,6,9,true,false,false
2023,202304030411,dirt,1200,8,9,0.844,1,3,true,true,true
2023,202304040211,turf,1400,7,7,0.736,1,12,true,false,false
2023,202305040711,dirt,2100,8,10,0.763,2,1,true,true,true
2023,202306010511,turf,1200,6,6,0.961,1,12,true,false,false
2023,202306030810,turf,1200,6,10,0.387,1,3,true,true,true
2023,202306050410,dirt,1800,7,10,0.458,7,3,true,true,true
2023,202307010110,turf,3000,5,5,0.848,1,9,true,false,false
2023,202307011210,dirt,1200,8,8,0.757,1,6,true,true,true
2023,202308010811,dirt,1400,8,8,0.804,5,3,true,true,true
2023,202308011210,turf,1400,7,9,0.701,1,2,true,true,true
2023,202308020211,turf,1200,7,7,0.799,2,5,true,true,true
2023,202308030511,turf,2000,6,6,0.815,1,3,true,true,true
2023,202309010511,dirt,2000,7,7,0.796,2,1,true,true,true
2023,202309010911,dirt,1400,7,12,0.603,2,8,true,true,true
2023,202309020510,turf,2600,8,8,0.777,3,8,true,true,true
2023,202309030411,dirt,1800,8,8,0.553,1,3,true,true,true
2023,202309040311,turf,2000,8,8,0.660,2,8,true,true,true
2024,202401020811,turf,2600,8,8,0.784,2,1,true,true,true
2024,202404030111,dirt,1800,8,9,0.849,9,11,false,false,false
2024,202404040411,turf,1400,8,8,0.633,5,15,true,false,false
2024,202409010411,turf,1800,8,9,0.771,5,3,true,true,true
2024,202409010511,dirt,1400,7,7,0.575,9,2,false,true,false
2024,202409020510,turf,2600,6,6,0.777,1,3,true,true,true
2024,202408070211,dirt,1400,7,7,0.568227,3,1,true,true,true
2024,202408070511,turf,1200,7,8,0.602868,2,1,true,true,true
2024,202405020410,dirt,2100,8,10,0.778,7,8,true,true,true
2024,202405020911,turf,1800,6,10,0.799,1,5,true,true,true
2024,202405030811,turf,1400,8,10,0.668,2,7,true,true,true
2024,202406010510,dirt,1200,8,8,0.763,4,1,true,true,true
2024,202406050410,dirt,1800,7,7,0.549,1,7,true,true,true
2024,202408010110,turf,3000,6,6,0.802,4,3,true,true,true
2024,202408020410,dirt,1200,7,10,0.629,2,4,true,true,true
2024,202408030811,dirt,1400,5,5,0.784,4,1,true,true,true
2024,202408050111,turf,1200,7,7,0.961,6,11,true,false,false
2024,202408060511,turf,2000,6,9,0.721,8,1,false,true,false
2024,202408060811,dirt,1900,8,8,0.538,4,6,true,true,true
